id,STATE/UT,DISTRICT,Year,Rape,Kidnapping and Abduction,Dowry Deaths,Assault on women with intent to outrage her modesty,Insult to modesty of Women,Cruelty by Husband or his Relatives,Importation of Girls
1,TAMIL NADU,ARIYALUR,2020,20,20,3,51,5,18,0
2,TAMIL NADU,CHENNAI,2020,79,44,22,77,125,232,0
3,TAMIL NADU,COIMBATORE,2020,11,12,5,35,7,85,0
4,TAMIL NADU,CUDDALORE,2020,34,105,19,15,1,59,0
5,TAMIL NADU,DHARMAPURI,2020,18,64,0,47,1,57,0
6,TAMIL NADU,DINDIGUL,2020,20,52,5,48,2,121,0
7,TAMIL NADU,ERODE,2020,13,37,4,39,7,22,0
8,TAMIL NADU,KANCHIPURAM,2020,21,25,5,27,6,29,0
9,TAMIL NADU,KANYAKUMARI,2020,14,53,7,9,139,94,0
10,TAMIL NADU,KARUR,2020,10,58,3,23,5,26,0
11,TAMIL NADU,KRISHNAGIRI,2020,14,56,10,35,5,32,0
12,TAMIL NADU,MADURAI,2020,9,20,9,24,8,73,0
13,TAMIL NADU,NAGAPATTINAM,2020,16,34,8,44,29,16,0
14,TAMIL NADU,NAMAKKAL,2020,11,57,4,60,15,18,0
15,TAMIL NADU,NILGIRIS,2020,9,11,1,11,6,8,0
16,TAMIL NADU,PERAMBALUR,2020,10,27,5,20,0,7,0
17,TAMIL NADU,PUDUKOTTAI,2020,9,43,1,28,4,22,0
18,TAMIL NADU,RAMNATHAPURAM,2020,9,54,5,16,2,12,0
19,TAMIL NADU,SALEM,2020,39,104,6,112,2,55,0
20,TAMIL NADU,SIVAGANGAI,2020,7,33,4,36,5,45,0
21,TAMIL NADU,THANJAVUR,2020,12,46,3,79,1,15,0
22,TAMIL NADU,THENI,2020,24,82,15,43,2,91,0
23,TAMIL NADU,THIRUNELVELI,2020,11,17,1,11,2,5,0
24,TAMIL NADU,THIRUVALLUR,2020,10,12,10,6,4,16,0
25,TAMIL NADU,THIRUVANNAMALAI,2020,26,61,7,14,1,14,0
26,TAMIL NADU,THIRUVARUR,2020,7,22,5,11,0,8,0
27,TAMIL NADU,THOOTHUGUDI,2020,31,39,6,6,1,43,0
28,TAMIL NADU,TIRUPPUR,2020,12,45,12,46,0,92,0
29,TAMIL NADU,TRICHY,2020,8,24,5,19,30,30,0
30,TAMIL NADU,VELLORE,2020,28,82,9,31,1,47,0
31,TAMIL NADU,VILLUPURAM,2020,89,191,10,278,2,143,0
32,TAMIL NADU,VIRUDHUNAGAR,2020,21,53,5,28,96,62,0
33,TAMIL NADU,ARIYALUR,2021,15,43,4,57,2,16,0
34,TAMIL NADU,CHENNAI,2021,97,69,16,92,145,239,0
35,TAMIL NADU,COIMBATORE,2021,23,16,0,21,6,116,0
36,TAMIL NADU,CUDDALORE,2021,44,126,10,67,1,66,0
37,TAMIL NADU,DHARMAPURI,2021,28,97,4,51,4,68,0
38,TAMIL NADU,DINDIGUL,2021,19,101,6,36,2,113,0
39,TAMIL NADU,ERODE,2021,12,25,5,46,0,30,0
40,TAMIL NADU,KANCHIPURAM,2021,22,21,6,20,3,19,0
41,TAMIL NADU,KANYAKUMARI,2021,14,36,8,15,0,102,0
42,TAMIL NADU,KARUR,2021,7,52,5,28,6,15,0
43,TAMIL NADU,KRISHNAGIRI,2021,16,45,4,53,5,36,0
44,TAMIL NADU,MADURAI,2021,14,55,7,31,12,65,0
45,TAMIL NADU,NAGAPATTINAM,2021,14,42,4,38,39,14,0
46,TAMIL NADU,NAMAKKAL,2021,14,46,4,41,17,11,0
47,TAMIL NADU,NILGIRIS,2021,11,11,3,19,4,11,0
48,TAMIL NADU,PERAMBALUR,2021,7,34,2,24,2,10,0
49,TAMIL NADU,PUDUKOTTAI,2021,10,31,2,29,4,37,0
50,TAMIL NADU,RAMNATHAPURAM,2021,13,38,6,17,5,21,0
51,TAMIL NADU,SALEM,2021,38,78,5,89,0,37,0
52,TAMIL NADU,SIVAGANGAI,2021,15,42,7,39,1,61,0
53,TAMIL NADU,THANJAVUR,2021,18,47,5,78,2,32,0
54,TAMIL NADU,THENI,2021,25,43,9,54,2,67,0
55,TAMIL NADU,THIRUNELVELI,2021,5,7,4,8,2,29,0
56,TAMIL NADU,THIRUVALLUR,2021,20,15,8,11,4,23,0
57,TAMIL NADU,THIRUVANNAMALAI,2021,24,55,5,10,0,40,0
58,TAMIL NADU,THIRUVARUR,2021,15,37,5,9,1,20,0
59,TAMIL NADU,THOOTHUGUDI,2021,30,37,5,3,0,54,0
60,TAMIL NADU,TIRUPPUR,2021,10,42,9,56,1,78,0
61,TAMIL NADU,TRICHY,2021,11,16,7,12,43,28,0
62,TAMIL NADU,VELLORE,2021,28,70,10,41,1,64,0
63,TAMIL NADU,VILLUPURAM,2021,81,192,8,243,0,61,0
64,TAMIL NADU,VIRUDHUNAGAR,2021,25,34,5,26,114,50,0
65,TAMIL NADU,ARIYALUR,2022,13,22,7,26,2,11,0
66,TAMIL NADU,CHENNAI,2022,85,46,16,57,157,225,0
67,TAMIL NADU,COIMBATORE,2022,21,5,3,18,7,50,0
68,TAMIL NADU,CUDDALORE,2022,38,50,10,11,0,68,0
69,TAMIL NADU,DHARMAPURI,2022,27,154,4,52,4,67,0
70,TAMIL NADU,DINDIGUL,2022,15,98,5,49,2,98,0
71,TAMIL NADU,ERODE,2022,16,29,1,28,1,25,0
72,TAMIL NADU,KANCHIPURAM,2022,26,12,5,17,2,21,0
73,TAMIL NADU,KANYAKUMARI,2022,15,33,5,9,0,121,0
74,TAMIL NADU,KARUR,2022,11,20,2,12,5,15,0
75,TAMIL NADU,KRISHNAGIRI,2022,10,69,14,52,4,49,0
76,TAMIL NADU,MADURAI,2022,19,23,5,26,5,93,0
77,TAMIL NADU,NAGAPATTINAM,2022,13,23,5,32,26,11,0
78,TAMIL NADU,NAMAKKAL,2022,25,40,0,61,13,18,0
79,TAMIL NADU,NILGIRIS,2022,18,11,2,21,5,3,0
80,TAMIL NADU,PERAMBALUR,2022,11,7,0,16,3,9,0
81,TAMIL NADU,PUDUKOTTAI,2022,13,51,6,31,2,43,0
82,TAMIL NADU,RAMNATHAPURAM,2022,12,26,6,26,5,24,0
83,TAMIL NADU,SALEM,2022,28,64,8,64,2,51,0
84,TAMIL NADU,SIVAGANGAI,2022,20,30,7,37,1,89,0
85,TAMIL NADU,THANJAVUR,2022,35,41,2,70,6,49,0
86,TAMIL NADU,THENI,2022,28,38,7,45,0,64,0
87,TAMIL NADU,THIRUNELVELI,2022,14,8,1,7,0,21,0
88,TAMIL NADU,THIRUVALLUR,2022,24,26,12,13,2,21,0
89,TAMIL NADU,THIRUVANNAMALAI,2022,53,48,5,35,4,36,0
90,TAMIL NADU,THIRUVARUR,2022,19,21,3,9,2,17,0
91,TAMIL NADU,THOOTHUGUDI,2022,54,27,4,37,4,66,0
92,TAMIL NADU,TIRUPPUR,2022,22,43,12,42,9,95,0
93,TAMIL NADU,TRICHY,2022,13,8,1,22,9,27,0
94,TAMIL NADU,VELLORE,2022,54,86,11,35,61,42,0
95,TAMIL NADU,VILLUPURAM,2022,71,158,8,129,1,84,0
96,TAMIL NADU,VIRUDHUNAGAR,2022,36,27,7,19,0,52,0
97,TAMIL NADU,ARIYALUR,2023,9,16,5,26,2,10,0
98,TAMIL NADU,CHENNAI,2023,68,26,12,61,160,305,0
99,TAMIL NADU,COIMBATORE,2023,9,8,1,12,0,65,0
100,TAMIL NADU,CUDDALORE,2023,16,85,7,5,2,43,0
101,TAMIL NADU,DHARMAPURI,2023,15,138,5,29,2,34,0
102,TAMIL NADU,DINDIGUL,2023,19,115,8,33,2,121,0
103,TAMIL NADU,ERODE,2023,2,29,0,22,0,30,0
104,TAMIL NADU,KANCHIPURAM,2023,20,17,5,11,5,21,0
105,TAMIL NADU,KANYAKUMARI,2023,9,18,5,7,2,59,0
106,TAMIL NADU,KARUR,2023,3,19,4,23,0,11,0
107,TAMIL NADU,KRISHNAGIRI,2023,17,70,8,36,4,33,0
108,TAMIL NADU,MADURAI,2023,8,26,3,24,3,73,0
109,TAMIL NADU,NAGAPATTINAM,2023,20,41,2,17,30,24,0
110,TAMIL NADU,NAMAKKAL,2023,1,23,0,50,7,14,0
111,TAMIL NADU,NILGIRIS,2023,8,8,2,14,3,9,0
112,TAMIL NADU,PERAMBALUR,2023,9,8,4,30,0,17,0
113,TAMIL NADU,PUDUKOTTAI,2023,6,49,4,33,2,48,0
114,TAMIL NADU,RAMNATHAPURAM,2023,10,32,6,15,1,27,0
115,TAMIL NADU,SALEM,2023,7,17,3,14,24,35,0
116,TAMIL NADU,SIVAGANGAI,2023,18,41,6,15,2,54,0
117,TAMIL NADU,THANJAVUR,2023,11,28,1,65,2,33,0
118,TAMIL NADU,THENI,2023,11,49,8,32,0,62,0
119,TAMIL NADU,THIRUNELVELI,2023,8,7,0,5,0,22,0
120,TAMIL NADU,THIRUVALLUR,2023,12,11,8,6,4,18,0
121,TAMIL NADU,THIRUVANNAMALAI,2023,20,53,9,17,1,39,0
122,TAMIL NADU,THIRUVARUR,2023,5,26,3,6,5,10,0
123,TAMIL NADU,THOOTHUGUDI,2023,19,14,2,46,1,75,0
124,TAMIL NADU,TIRUPPUR,2023,9,54,5,18,1,36,0
125,TAMIL NADU,TRICHY,2023,5,4,2,14,6,29,0
126,TAMIL NADU,VELLORE,2023,16,82,7,46,1,114,0
127,TAMIL NADU,VILLUPURAM,2023,40,129,9,179,0,83,0
128,TAMIL NADU,VIRUDHUNAGAR,2023,17,22,5,27,1,31,0
129,TAMIL NADU,Cyber Cell,2023,2,1,0,0,0,0,0
